Name,#1,#2,#3,#4,#5,#6,#7,#8,#9,#10,Mean
TodoMVC-JavaScript-ES5,140.24,110,126.97999999999593,116.65999999999622,105.97999999999956,109.49999999999272,108.36000000000058,114.55999999999767,117.95999999999913,126.50000000000728,117.67399999999891
TodoMVC-JavaScript-ES5/Adding100Items,98.40000000000009,73.73999999999978,85.67999999999847,76.45999999999913,69.06000000000131,71.75999999999476,72.97999999999593,76.5,76.90000000000146,88.54000000000815,79.00199999999991
TodoMVC-JavaScript-ES5/Adding100Items/Sync,85.92000000000007,68.38000000000011,79.09999999999854,69.91999999999825,63.52000000000044,66.41999999999825,67.68000000000029,71.05999999999767,71.45999999999913,69.84000000000378,71.32999999999966
TodoMVC-JavaScript-ES5/Adding100Items/Async,12.480000000000018,5.359999999999673,6.579999999999927,6.540000000000873,5.540000000000873,5.3399999999965075,5.299999999995634,5.440000000002328,5.440000000002328,18.700000000004366,7.672000000000253
TodoMVC-JavaScript-ES5/CompletingAllItems,24.179999999999836,20.519999999999527,21.859999999998763,21.61999999999898,20.419999999998254,21.299999999995634,19.919999999998254,21.459999999999127,23.57999999999447,21.599999999998545,21.64599999999814
TodoMVC-JavaScript-ES5/CompletingAllItems/Sync,20.95999999999981,17.659999999999854,17.81999999999971,17.739999999997963,17.179999999996653,17.75999999999476,16.959999999999127,18.419999999998254,20.659999999996217,16.779999999998836,18.19399999999812
TodoMVC-JavaScript-ES5/CompletingAllItems/Async,3.2200000000000273,2.8599999999996726,4.039999999999054,3.8800000000010186,3.2400000000016007,3.540000000000873,2.959999999999127,3.040000000000873,2.9199999999982538,4.819999999999709,3.452000000000021
TodoMVC-JavaScript-ES5/DeletingAllItems,17.660000000000082,15.740000000000691,19.43999999999869,18.57999999999811,16.5,16.44000000000233,15.460000000006403,16.599999999998545,17.4800000000032,16.360000000000582,17.026000000000863
TodoMVC-JavaScript-ES5/DeletingAllItems/Sync,16.75999999999999,14.840000000000146,18.019999999998618,17.2599999999984,15.5,15.459999999999127,14.540000000000873,15.459999999999127,16.24000000000524,15.360000000000582,15.94400000000021
TodoMVC-JavaScript-ES5/DeletingAllItems/Async,0.900000000000091,0.9000000000005457,1.4200000000000728,1.319999999999709,1,0.9800000000032014,0.9200000000055297,1.139999999999418,1.2399999999979627,1,1.082000000000653
TodoMVC-JavaScript-ES6-Webpack-Complex-DOM,128.94000000000005,126.70000000000073,122.43999999999869,124.27999999999884,154.78000000000247,134.20000000000437,140.40000000000146,128.75999999999476,146.36000000000058,140.88000000000466,134.77400000000065
TodoMVC-JavaScript-ES6-Webpack-Complex-DOM/Adding100Items,66.92000000000007,67.07999999999993,59.419999999998254,64.54000000000087,59.2400000000016,59.04000000000815,64.84000000000378,63.95999999999913,62.87999999999738,59.86000000000058,62.77800000000097
TodoMVC-JavaScript-ES6-Webpack-Complex-DOM/Adding100Items/Sync,57.11999999999989,59.07999999999993,51.07999999999993,56.60000000000218,51.400000000001455,50.74000000000524,56.26000000000204,55,54.419999999998254,52,54.37000000000089
TodoMVC-JavaScript-ES6-Webpack-Complex-DOM/Adding100Items/Async,9.800000000000182,8,8.339999999998327,7.93999999999869,7.8400000000001455,8.30000000000291,8.580000000001746,8.959999999999127,8.459999999999127,7.860000000000582,8.408000000000083
TodoMVC-JavaScript-ES6-Webpack-Complex-DOM/CompletingAllItems,33.63999999999987,34.68000000000029,34.93999999999869,33.69999999999709,36.54000000000087,40.13999999999942,42.37999999999738,36.0399999999936,36.080000000001746,37.11999999999534,36.52599999999843
TodoMVC-JavaScript-ES6-Webpack-Complex-DOM/CompletingAllItems/Sync,27,28.579999999999927,29.11999999999898,27.219999999997526,30.580000000001746,33.68000000000029,35.900000000001455,29.479999999995925,29.599999999998545,30.55999999999767,30.17199999999921
TodoMVC-JavaScript-ES6-Webpack-Complex-DOM/CompletingAllItems/Async,6.639999999999873,6.100000000000364,5.819999999999709,6.479999999999563,5.959999999999127,6.459999999999127,6.4799999999959255,6.559999999997672,6.480000000003201,6.559999999997672,6.353999999999223
TodoMVC-JavaScript-ES6-Webpack-Complex-DOM/DeletingAllItems,28.38000000000011,24.94000000000051,28.080000000001746,26.040000000000873,59,35.0199999999968,33.18000000000029,28.760000000002037,47.400000000001455,43.90000000000873,35.47000000000126
TodoMVC-JavaScript-ES6-Webpack-Complex-DOM/DeletingAllItems/Sync,24.679999999999836,21.520000000000437,24.660000000001673,22.700000000000728,26.979999999999563,29.159999999996217,29.69999999999709,25.260000000002037,27.18000000000029,26.62000000000262,25.84600000000005
TodoMVC-JavaScript-ES6-Webpack-Complex-DOM/DeletingAllItems/Async,3.700000000000273,3.4200000000000728,3.4200000000000728,3.3400000000001455,32.02000000000044,5.860000000000582,3.4800000000032014,3.5,20.220000000001164,17.280000000006112,9.624000000001207
TodoMVC-WebComponents,61.51999999999998,61.780000000000655,60.02000000000044,54.26000000000204,63.340000000000146,56.48000000001775,73.16000000000349,66.17999999999302,68.40000000000146,64.89999999999418,63.00400000000131
TodoMVC-WebComponents/Adding100Items,33.90000000000009,40.02000000000044,35.399999999999636,31.299999999999272,31.540000000000873,32.10000000000582,50.18000000000757,40.779999999998836,40.71999999999389,35.45999999999913,37.140000000000555
TodoMVC-WebComponents/Adding100Items/Sync,21.199999999999818,28.520000000000437,22.55999999999949,20,19.260000000002037,20.520000000004075,38.200000000004366,25.81999999999971,28.799999999995634,22.68000000000029,24.756000000000586
TodoMVC-WebComponents/Adding100Items/Async,12.700000000000273,11.5,12.840000000000146,11.299999999999272,12.279999999998836,11.580000000001746,11.980000000003201,14.959999999999127,11.919999999998254,12.779999999998836,12.383999999999968
TodoMVC-WebComponents/CompletingAllItems,11.400000000000091,11.3799999999992,11.340000000000146,10.099999999998545,15,11.780000000006112,11.179999999993015,12.919999999998254,11.040000000000873,11.180000000000291,11.731999999999653
TodoMVC-WebComponents/CompletingAllItems/Sync,6.900000000000091,6.519999999998618,6.579999999999927,5.93999999999869,7.240000000001601,6.620000000002619,6.619999999995343,7.299999999995634,6.599999999998545,6.5,6.681999999999107
TodoMVC-WebComponents/CompletingAllItems/Async,4.5,4.860000000000582,4.760000000000218,4.1599999999998545,7.759999999998399,5.1600000000034925,4.559999999997672,5.620000000002619,4.440000000002328,4.680000000000291,5.050000000000546
TodoMVC-WebComponents/DeletingAllItems,16.2199999999998,10.380000000001019,13.280000000000655,12.86000000000422,16.799999999999272,12.60000000000582,11.80000000000291,12.479999999995925,16.640000000006694,18.25999999999476,14.132000000001108
TodoMVC-WebComponents/DeletingAllItems/Sync,14.799999999999727,9.44000000000051,12.020000000000437,11.7400000000016,15.5,11.540000000000873,10.720000000001164,11.360000000000582,10.160000000003492,12,11.92800000000084
TodoMVC-WebComponents/DeletingAllItems/Async,1.4200000000000728,0.9400000000005093,1.2600000000002183,1.1200000000026193,1.2999999999992724,1.0600000000049477,1.0800000000017462,1.1199999999953434,6.480000000003201,6.259999999994761,2.2040000000002693
TodoMVC-React-Complex-DOM,116.90000000000009,128.52000000000044,100.76000000000022,100.60000000000218,105.27999999999884,97.63999999999214,111.89999999999418,113.71999999999389,102.4800000000032,106.26000000000931,108.40599999999945
TodoMVC-React-Complex-DOM/Adding100Items,61.7199999999998,62.88000000000102,47.57999999999993,47.900000000001455,50.47999999999956,44.68000000000029,50.93999999999505,54.07999999999447,48.9800000000032,51.63999999999942,52.08799999999942
TodoMVC-React-Complex-DOM/Adding100Items/Sync,53.73999999999978,54.57999999999993,38.04000000000087,40.10000000000218,41.159999999999854,35.44000000000233,42.83999999999651,43.87999999999738,41.10000000000582,43.720000000001164,43.46000000000058
TodoMVC-React-Complex-DOM/Adding100Items/Async,7.980000000000018,8.300000000001091,9.539999999999054,7.799999999999272,9.319999999999709,9.239999999997963,8.099999999998545,10.19999999999709,7.879999999997381,7.919999999998254,8.627999999998838
TodoMVC-React-Complex-DOM/CompletingAllItems,31.920000000000073,45.45999999999913,31.399999999999636,31.159999999999854,31.279999999998836,31.119999999995343,33.0199999999968,34.4600000000064,31.960000000006403,32.56000000000495,33.434000000000744
TodoMVC-React-Complex-DOM/CompletingAllItems/Sync,26.019999999999982,28.219999999999345,25.23999999999978,25.459999999999127,25,24.959999999999127,26.18000000000029,26.900000000001455,25.4800000000032,25.74000000000524,25.920000000000755
TodoMVC-React-Complex-DOM/CompletingAllItems/Async,5.900000000000091,17.23999999999978,6.1599999999998545,5.700000000000728,6.279999999998836,6.1599999999962165,6.8399999999965075,7.560000000004948,6.480000000003201,6.819999999999709,7.513999999999987
TodoMVC-React-Complex-DOM/DeletingAllItems,23.26000000000022,20.18000000000029,21.780000000000655,21.540000000000873,23.520000000000437,21.839999999996508,27.94000000000233,25.179999999993015,21.539999999993597,22.060000000004948,22.883999999999286
TodoMVC-React-Complex-DOM/DeletingAllItems/Sync,19.68000000000029,16.639999999999418,17.920000000000073,18.260000000002037,18.7599999999984,18,18.040000000000873,19.55999999999767,18.139999999999418,18.24000000000524,18.324000000000343
TodoMVC-React-Complex-DOM/DeletingAllItems/Async,3.5799999999999272,3.540000000000873,3.860000000000582,3.279999999998836,4.760000000002037,3.8399999999965075,9.900000000001455,5.619999999995343,3.3999999999941792,3.819999999999709,4.559999999998945
TodoMVC-React-Redux,150.41999999999962,105.72000000000298,111.05999999999767,110.7400000000016,110.91999999999825,110.32000000000698,124.30000000000291,115.44000000000233,116.19999999998254,114.10000000000582,116.92200000000007
TodoMVC-React-Redux/Adding100Items,89.11999999999989,46.54000000000087,51.099999999998545,46.29999999999927,51.11999999999898,51.9800000000032,60.05999999999767,55.020000000004075,55.220000000001164,52.94000000000233,55.9400000000006
TodoMVC-React-Redux/Adding100Items/Sync,83.90000000000009,41.44000000000051,45.779999999998836,41.31999999999971,45.57999999999811,44.13999999999942,54.68000000000029,50,49.18000000000029,47.45999999999913,50.34799999999964
TodoMVC-React-Redux/Adding100Items/Async,5.2199999999998,5.100000000000364,5.319999999999709,4.979999999999563,5.540000000000873,7.8400000000037835,5.379999999997381,5.0200000000040745,6.040000000000873,5.480000000003201,5.592000000000962
TodoMVC-React-Redux/CompletingAllItems,36.25999999999976,35.659999999999854,36.599999999998545,40.720000000001164,36.7400000000016,34.94000000000233,39.30000000000291,36.099999999998545,37.45999999999185,37.400000000001455,37.1179999999998
TodoMVC-React-Redux/CompletingAllItems/Sync,33,32.47999999999956,32.52000000000044,37.720000000001164,32.86000000000058,31.720000000001164,34.720000000001164,33,33.5199999999968,34.18000000000029,33.572000000000116
TodoMVC-React-Redux/CompletingAllItems/Async,3.2599999999997635,3.180000000000291,4.079999999998108,3,3.8800000000010186,3.220000000001164,4.580000000001746,3.099999999998545,3.9399999999950523,3.220000000001164,3.5459999999996854
TodoMVC-React-Redux/DeletingAllItems,25.039999999999964,23.520000000002256,23.360000000000582,23.720000000001164,23.05999999999767,23.400000000001455,24.94000000000233,24.31999999999971,23.519999999989523,23.760000000002037,23.86399999999967
TodoMVC-React-Redux/DeletingAllItems/Sync,24.179999999999836,22.700000000000728,21.979999999999563,22.840000000000146,21.68000000000029,22.44000000000233,23.60000000000582,23.459999999999127,22.659999999996217,22.81999999999971,22.836000000000375
TodoMVC-React-Redux/DeletingAllItems/Async,0.8600000000001273,0.820000000001528,1.3800000000010186,0.8800000000010186,1.3799999999973807,0.9599999999991269,1.3399999999965075,0.8600000000005821,0.8599999999933061,0.9400000000023283,1.0279999999992924
TodoMVC-Backbone,115.10000000000036,102.76000000000022,114.58000000000175,83.71999999999389,89.31999999999971,86.14000000001397,104.0199999999968,89.19999999999709,89.83999999999651,88.81999999999971,96.35
TodoMVC-Backbone/Adding100Items,69.63999999999987,60.79999999999927,66.79999999999927,45.57999999999811,50.07999999999811,47.099999999998545,61.520000000004075,50.25999999999476,49.15999999999622,47.479999999995925,54.841999999998414
TodoMVC-Backbone/Adding100Items/Sync,60.2800000000002,53.73999999999978,57.56000000000131,38.5,42.340000000000146,39.5199999999968,52.94000000000233,43.299999999995634,40.599999999998545,40.43999999999505,46.92199999999898
TodoMVC-Backbone/Adding100Items/Async,9.359999999999673,7.059999999999491,9.239999999997963,7.079999999998108,7.739999999997963,7.580000000001746,8.580000000001746,6.959999999999127,8.559999999997672,7.040000000000873,7.919999999999436
TodoMVC-Backbone/CompletingAllItems,27.600000000000364,26.38000000000102,31.05999999999767,22.81999999999971,23.42000000000189,23.180000000007567,24.360000000000582,23.360000000000582,24.919999999990978,24.74000000000524,25.18400000000056
TodoMVC-Backbone/CompletingAllItems/Sync,18.519999999999982,19.540000000000873,23.360000000000582,15.979999999999563,16.600000000002183,15.840000000003783,17.280000000006112,16.660000000003492,16.979999999995925,17.81999999999971,17.85800000000122
TodoMVC-Backbone/CompletingAllItems/Async,9.080000000000382,6.8400000000001455,7.69999999999709,6.8400000000001455,6.819999999999709,7.3400000000037835,7.07999999999447,6.69999999999709,7.939999999995052,6.92000000000553,7.32599999999934
TodoMVC-Backbone/DeletingAllItems,17.860000000000127,15.579999999999927,16.720000000004802,15.319999999996071,15.819999999999709,15.860000000007858,18.139999999992142,15.580000000001746,15.760000000009313,16.599999999998545,16.324000000001025
TodoMVC-Backbone/DeletingAllItems/Sync,16.18000000000029,13.899999999999636,14.960000000002765,13.559999999997672,13.880000000001019,14.10000000000582,16.0199999999968,13.680000000000291,13.960000000006403,14.419999999998254,14.466000000000895
TodoMVC-Backbone/DeletingAllItems/Async,1.6799999999998363,1.680000000000291,1.7600000000020373,1.7599999999983993,1.9399999999986903,1.7600000000020373,2.1199999999953434,1.9000000000014552,1.8000000000029104,2.180000000000291,1.858000000000129
TodoMVC-Angular-Complex-DOM,136.6600000000003,128.8799999999992,122.05999999999403,110.76000000000204,110.47999999999593,113.92000000000553,150.27999999999884,116.74000000000524,123.27999999999884,115.25999999998021,122.83199999999802
TodoMVC-Angular-Complex-DOM/Adding100Items,83.24000000000024,75.01999999999862,74.7599999999984,67.18000000000393,67.95999999999913,70.76000000000204,106.67999999999302,71.62000000000262,77.49999999999272,67.77999999999156,76.24999999999822
TodoMVC-Angular-Complex-DOM/Adding100Items/Sync,74.53999999999996,64.27999999999884,66.08000000000175,58.080000000001746,58.86000000000058,62.12000000000262,98.05999999999767,62.80000000000291,68.27999999999884,58.87999999999738,67.19800000000023
TodoMVC-Angular-Complex-DOM/Adding100Items/Async,8.700000000000273,10.739999999999782,8.679999999996653,9.100000000002183,9.099999999998545,8.639999999999418,8.619999999995343,8.819999999999709,9.219999999993888,8.89999999999418,9.051999999997998
TodoMVC-Angular-Complex-DOM/CompletingAllItems,26.679999999999836,26.659999999999854,22.399999999997817,20.859999999996944,20.7599999999984,21.279999999998836,21.020000000004075,21.419999999998254,22.140000000006694,22.339999999996508,22.55599999999972
TodoMVC-Angular-Complex-DOM/CompletingAllItems/Sync,20.799999999999727,17.1200000000008,15.779999999998836,14.779999999998836,14.819999999999709,14.19999999999709,14.980000000003201,15.07999999999447,15.980000000003201,16.439999999995052,15.997999999999092
TodoMVC-Angular-Complex-DOM/CompletingAllItems/Async,5.880000000000109,9.539999999999054,6.619999999998981,6.079999999998108,5.93999999999869,7.080000000001746,6.040000000000873,6.3400000000037835,6.1600000000034925,5.900000000001455,6.5580000000006295
TodoMVC-Angular-Complex-DOM/DeletingAllItems,26.740000000000236,27.200000000000728,24.899999999997817,22.720000000001164,21.7599999999984,21.880000000004657,22.580000000001746,23.700000000004366,23.639999999999418,25.139999999992142,24.026000000000067
TodoMVC-Angular-Complex-DOM/DeletingAllItems/Sync,18.59999999999991,21.1200000000008,21.31999999999971,18.639999999999418,17.919999999998254,17.880000000004657,17.959999999999127,19.080000000001746,19.959999999999127,21.119999999995343,19.359999999999808
TodoMVC-Angular-Complex-DOM/DeletingAllItems/Async,8.140000000000327,6.079999999999927,3.5799999999981083,4.080000000001746,3.8400000000001455,4,4.620000000002619,4.620000000002619,3.680000000000291,4.019999999996799,4.666000000000258
TodoMVC-Vue,81.53999999999996,61.42000000000007,69.68000000000029,71.61999999999898,71.16000000000349,64.20000000001164,74.60000000000582,66.9200000000128,65.38000000000466,63.06000000000495,68.95800000000426
TodoMVC-Vue/Adding100Items,53.73999999999978,37.039999999999054,37.55999999999767,43.859999999996944,43.280000000002474,38.34000000000378,47.56000000000495,40.700000000004366,38.89999999999418,38.56000000000495,41.95400000000082
TodoMVC-Vue/Adding100Items/Sync,15.139999999999873,6.519999999998618,6.259999999998399,6.459999999999127,8.600000000002183,7.080000000001746,7.680000000000291,6.739999999997963,6.299999999995634,6.940000000002328,7.7719999999996165
TodoMVC-Vue/Adding100Items/Async,38.59999999999991,30.520000000000437,31.299999999999272,37.39999999999782,34.68000000000029,31.260000000002037,39.88000000000466,33.9600000000064,32.599999999998545,31.62000000000262,34.182000000001196
TodoMVC-Vue/CompletingAllItems,16.139999999999873,14.180000000000291,19.18000000000029,15.36000000000422,16.159999999999854,14.180000000007567,15.680000000000291,15.060000000004948,15.320000000006985,14.119999999995343,15.538000000001967
TodoMVC-Vue/CompletingAllItems/Sync,3.0399999999999636,2.8400000000001455,2.680000000000291,3.280000000002474,2.7000000000007276,2.8400000000037835,2.819999999999709,3.900000000001455,2.720000000001164,3.099999999998545,2.992000000000826
TodoMVC-Vue/CompletingAllItems/Async,13.099999999999909,11.340000000000146,16.5,12.080000000001746,13.459999999999127,11.340000000003783,12.860000000000582,11.160000000003492,12.60000000000582,11.019999999996799,12.54600000000114
TodoMVC-Vue/DeletingAllItems,11.66000000000031,10.200000000000728,12.940000000002328,12.399999999997817,11.720000000001164,11.680000000000291,11.360000000000582,11.160000000003492,11.160000000003492,10.380000000004657,11.466000000001486
TodoMVC-Vue/DeletingAllItems/Sync,6.400000000000091,5.260000000000218,5.900000000001455,6.8400000000001455,5.979999999999563,5.680000000000291,6.019999999996799,5.8400000000037835,5.6600000000034925,5.580000000001746,5.916000000000759
TodoMVC-Vue/DeletingAllItems/Async,5.260000000000218,4.940000000000509,7.040000000000873,5.559999999997672,5.740000000001601,6,5.3400000000037835,5.319999999999709,5.5,4.80000000000291,5.550000000000727
TodoMVC-jQuery,393.5400000000004,426.65999999999804,400.0199999999968,420.7199999999975,397.23999999999796,356.82000000001426,394.0000000000218,367.61999999999534,366.9600000000064,371.17999999998574,389.4760000000014
TodoMVC-jQuery/Adding100Items,114,106.52000000000044,107.5,111.38000000000102,115.77999999999884,93.16000000000349,116.42000000000553,98.65999999999622,96.79999999999563,104.71999999999389,106.4939999999995
TodoMVC-jQuery/Adding100Items/Sync,109.05999999999995,101.26000000000022,102.34000000000015,104.56000000000131,106.68000000000029,88.66000000000349,111.62000000000262,94.15999999999622,92.05999999999767,99.97999999999593,101.03799999999978
TodoMVC-jQuery/Adding100Items/Async,4.940000000000055,5.260000000000218,5.1599999999998545,6.819999999999709,9.099999999998545,4.5,4.80000000000291,4.5,4.739999999997963,4.739999999997963,5.4559999999997215
TodoMVC-jQuery/CompletingAllItems,179.05999999999995,210.41999999999825,190.77999999999884,201.65999999999985,183.13999999999942,161.8000000000102,181.9600000000064,171.3399999999965,170.84000000000378,166.47999999999593,181.7480000000009
TodoMVC-jQuery/CompletingAllItems/Sync,173.94000000000005,178.5,186.02000000000044,195.65999999999985,177.45999999999913,156.92000000000553,174.32000000000698,164.27999999999884,163.74000000000524,160.3199999999997,173.11600000000158
TodoMVC-jQuery/CompletingAllItems/Async,5.119999999999891,31.919999999998254,4.759999999998399,6,5.680000000000291,4.880000000004657,7.639999999999418,7.059999999997672,7.099999999998545,6.1599999999962165,8.631999999999334
TodoMVC-jQuery/DeletingAllItems,100.48000000000047,109.71999999999935,101.73999999999796,107.67999999999665,98.31999999999971,101.86000000000058,95.6200000000099,97.62000000000262,99.32000000000698,99.97999999999593,101.23400000000102
TodoMVC-jQuery/DeletingAllItems/Sync,99.14000000000033,108.63999999999942,100.73999999999796,106.63999999999942,97.31999999999971,100.80000000000291,94.6400000000067,96.68000000000029,98.30000000000291,98.93999999999505,100.18400000000047
TodoMVC-jQuery/DeletingAllItems/Async,1.3400000000001455,1.0799999999999272,1,1.0399999999972351,1,1.0599999999976717,0.9800000000032014,0.9400000000023283,1.0200000000040745,1.0400000000008731,1.0500000000005456
TodoMVC-Preact-Complex-DOM,35.58000000000084,40.39999999999782,34.080000000001746,34.37999999999738,33.70000000000073,33.10000000000582,56.55999999998312,36.79999999998836,42.81999999999971,48.07999999999447,39.549999999997
TodoMVC-Preact-Complex-DOM/Adding100Items,17.700000000000728,20.579999999999927,15.899999999997817,14.819999999999709,15.720000000001164,15.940000000002328,36.21999999999389,18.5,21.839999999996508,29.37999999999738,20.659999999998945
TodoMVC-Preact-Complex-DOM/Adding100Items/Sync,2.980000000000473,3.6199999999989814,2.139999999999418,2.220000000001164,2.1599999999998545,2.2600000000020373,8.89999999999418,2.680000000000291,2.900000000001455,7.219999999993888,3.707999999999174
TodoMVC-Preact-Complex-DOM/Adding100Items/Async,14.720000000000255,16.960000000000946,13.7599999999984,12.599999999998545,13.56000000000131,13.680000000000291,27.31999999999971,15.819999999999709,18.939999999995052,22.160000000003492,16.95199999999977
TodoMVC-Preact-Complex-DOM/CompletingAllItems,11.5600000000004,12.719999999999345,9.880000000004657,12.37999999999738,12.37999999999738,10.840000000003783,13.179999999993015,11.39999999999418,13.059999999997672,12.5,11.989999999998782
TodoMVC-Preact-Complex-DOM/CompletingAllItems/Sync,2.380000000000109,2.639999999999418,1.7800000000024738,2.0799999999981083,2.0200000000004366,1.860000000000582,2.5799999999944703,2.2999999999956344,2.6999999999970896,2.3000000000029104,2.263999999999123
TodoMVC-Preact-Complex-DOM/CompletingAllItems/Async,9.180000000000291,10.079999999999927,8.100000000002183,10.299999999999272,10.359999999996944,8.980000000003201,10.599999999998545,9.099999999998545,10.360000000000582,10.19999999999709,9.725999999999658
TodoMVC-Preact-Complex-DOM/DeletingAllItems,6.319999999999709,7.099999999998545,8.299999999999272,7.180000000000291,5.600000000002183,6.319999999999709,7.1599999999962165,6.899999999994179,7.92000000000553,6.19999999999709,6.899999999999272
TodoMVC-Preact-Complex-DOM/DeletingAllItems/Sync,1.2799999999997453,1.7799999999988358,1.2399999999979627,1.5799999999981083,1.2200000000011642,1.319999999999709,1.4799999999959255,1.8799999999973807,1.7800000000061118,1.5599999999976717,1.5119999999992615
TodoMVC-Preact-Complex-DOM/DeletingAllItems/Async,5.039999999999964,5.319999999999709,7.06000000000131,5.600000000002183,4.380000000001019,5,5.680000000000291,5.019999999996799,6.139999999999418,4.639999999999418,5.388000000000011
TodoMVC-Svelte-Complex-DOM,33.26000000000022,37.960000000000946,31.739999999997963,37.68000000000757,30.039999999997235,33.83999999999651,35.799999999995634,34.679999999993015,39.56000000000495,30.020000000004075,34.457999999999814
TodoMVC-Svelte-Complex-DOM/Adding100Items,19.840000000000146,20.640000000001237,16.539999999997235,14.299999999999272,15.779999999998836,16.179999999993015,18.24000000000524,18.839999999996508,21.360000000000582,15,17.67199999999921
TodoMVC-Svelte-Complex-DOM/Adding100Items/Sync,4.899999999999636,5.600000000000364,3.5599999999976717,3.3800000000010186,3.5200000000004366,3.539999999993597,5.140000000006694,4.19999999999709,7.459999999999127,3.6200000000026193,4.491999999999825
TodoMVC-Svelte-Complex-DOM/Adding100Items/Async,14.94000000000051,15.040000000000873,12.979999999999563,10.919999999998254,12.2599999999984,12.639999999999418,13.099999999998545,14.639999999999418,13.900000000001455,11.37999999999738,13.179999999999382
TodoMVC-Svelte-Complex-DOM/CompletingAllItems,7.3400000000001455,9.899999999999636,8.360000000000582,9.86000000000422,7.959999999999127,10.30000000000291,9.89999999999418,8.37999999999738,9.42000000000553,8.659999999996217,9.007999999999992
TodoMVC-Svelte-Complex-DOM/CompletingAllItems/Sync,1.3400000000001455,1.7999999999992724,1.5200000000004366,1.7400000000016007,1.319999999999709,1.5400000000008731,1.7999999999956344,1.6599999999962165,1.5600000000049477,1.4199999999982538,1.569999999999709
TodoMVC-Svelte-Complex-DOM/CompletingAllItems/Async,6,8.100000000000364,6.8400000000001455,8.12000000000262,6.639999999999418,8.760000000002037,8.099999999998545,6.720000000001164,7.860000000000582,7.239999999997963,7.438000000000284
TodoMVC-Svelte-Complex-DOM/DeletingAllItems,6.079999999999927,7.420000000000073,6.8400000000001455,13.520000000004075,6.299999999999272,7.360000000000582,7.6599999999962165,7.459999999999127,8.779999999998836,6.360000000007858,7.7780000000006115
TodoMVC-Svelte-Complex-DOM/DeletingAllItems/Sync,1.3400000000001455,1.680000000000291,1.3400000000001455,3.220000000001164,1.360000000000582,1.5199999999967986,1.5799999999944703,1.5400000000008731,1.5400000000008731,1.5400000000008731,1.6659999999996216
TodoMVC-Svelte-Complex-DOM/DeletingAllItems/Async,4.739999999999782,5.739999999999782,5.5,10.30000000000291,4.93999999999869,5.8400000000037835,6.080000000001746,5.919999999998254,7.239999999997963,4.820000000006985,6.1120000000009895
TodoMVC-Lit-Complex-DOM,77.34000000000106,61.419999999998254,52.47999999999956,76.14000000000306,54.39999999999782,58.31999999999971,55.900000000001455,49.76000000000204,51.520000000004075,66.05999999999767,60.33400000000047
TodoMVC-Lit-Complex-DOM/Adding100Items,42.64000000000033,32.31999999999971,28.400000000001455,36.719999999997526,31.700000000000728,28.260000000002037,30.05999999999767,28.5199999999968,29.340000000003783,40.07999999999447,32.80399999999945
TodoMVC-Lit-Complex-DOM/Adding100Items/Sync,5.8400000000001455,4.739999999999782,3.540000000000873,8.2599999999984,5.419999999998254,4.120000000002619,3.680000000000291,4.3399999999965075,4.440000000002328,9.139999999999418,5.351999999999862
TodoMVC-Lit-Complex-DOM/Adding100Items/Async,36.80000000000018,27.579999999999927,24.860000000000582,28.459999999999127,26.280000000002474,24.139999999999418,26.37999999999738,24.18000000000029,24.900000000001455,30.939999999995052,27.45199999999959
TodoMVC-Lit-Complex-DOM/CompletingAllItems,25.260000000001128,17.799999999997453,14.880000000001019,20.460000000002765,13.340000000000146,20.5,16.640000000006694,12.220000000001164,13.260000000002037,16.89999999999418,17.12600000000066
TodoMVC-Lit-Complex-DOM/CompletingAllItems/Sync,4.400000000000546,4.43999999999869,3.0800000000017462,3.2600000000020373,3.2600000000020373,3.3400000000037835,3.9400000000023283,2.8799999999973807,3.4199999999982538,3.1199999999953434,3.5140000000002147
TodoMVC-Lit-Complex-DOM/CompletingAllItems/Async,20.860000000000582,13.359999999998763,11.799999999999272,17.200000000000728,10.079999999998108,17.159999999996217,12.700000000004366,9.340000000003783,9.840000000003783,13.779999999998836,13.612000000000444
TodoMVC-Lit-Complex-DOM/DeletingAllItems,9.4399999999996,11.300000000001091,9.19999999999709,18.960000000002765,9.359999999996944,9.559999999997672,9.19999999999709,9.020000000004075,8.919999999998254,9.080000000009022,10.40400000000036
TodoMVC-Lit-Complex-DOM/DeletingAllItems/Sync,2.5,3.7000000000007276,3.0799999999981083,4.920000000001892,2.5199999999967986,2.639999999999418,2.680000000000291,2.779999999998836,2.8799999999973807,2.460000000006403,3.0159999999999854
TodoMVC-Lit-Complex-DOM/DeletingAllItems/Async,6.9399999999996,7.600000000000364,6.119999999998981,14.040000000000873,6.8400000000001455,6.919999999998254,6.519999999996799,6.240000000005239,6.040000000000873,6.620000000002619,7.388000000000375
NewsSite-Next,239.19999999999982,264.6600000000035,270.3399999999965,255.17999999999665,238.65999999999985,287.24000000000524,255.32000000000698,246.94000000000233,250.22000000000844,260.4600000000137,256.8220000000033
NewsSite-Next/NavigateToUS,96.27999999999975,93.1200000000008,108.65999999999622,90.88000000000102,89.02000000000044,94.4800000000032,100.00000000000728,89.9800000000032,91.92000000000553,104.76000000000204,95.91000000000194
NewsSite-Next/NavigateToUS/Sync,55.31999999999971,50.720000000001164,68.79999999999927,49.29999999999927,45.2400000000016,50.81999999999971,55.38000000000466,49.45999999999913,49.74000000000524,62.4800000000032,53.72600000000129
NewsSite-Next/NavigateToUS/Async,40.960000000000036,42.399999999999636,39.859999999996944,41.580000000001746,43.779999999998836,43.66000000000349,44.62000000000262,40.520000000004075,42.18000000000029,42.279999999998836,42.18400000000065
NewsSite-Next/NavigateToWorld,73.53999999999996,95.07999999999993,81.88000000000102,86.11999999999898,75.60000000000218,77.12000000000262,78.52000000000407,77.19999999999709,83.92000000000553,77.0399999999936,80.6020000000005
NewsSite-Next/NavigateToWorld/Sync,38.81999999999971,57.07999999999993,45.81999999999971,44.43999999999869,40.70000000000073,39.720000000001164,41.24000000000524,38.419999999998254,46.400000000001455,40.21999999998661,43.28599999999915
NewsSite-Next/NavigateToWorld/Async,34.720000000000255,38,36.06000000000131,41.68000000000029,34.900000000001455,37.400000000001455,37.279999999998836,38.779999999998836,37.520000000004075,36.820000000006985,37.31600000000135
NewsSite-Next/NavigateToPolitics,69.38000000000011,76.46000000000276,79.79999999999927,78.17999999999665,74.03999999999724,115.63999999999942,76.79999999999563,79.76000000000204,74.37999999999738,78.66000000001804,80.31000000000085
NewsSite-Next/NavigateToPolitics/Sync,35.720000000000255,38.32000000000153,40.73999999999796,41.19999999999709,37.73999999999796,40.279999999998836,41.33999999999651,39.34000000000378,36.919999999998254,41.28000000001339,39.28800000000056
NewsSite-Next/NavigateToPolitics/Async,33.659999999999854,38.14000000000124,39.06000000000131,36.97999999999956,36.29999999999927,75.36000000000058,35.45999999999913,40.419999999998254,37.45999999999913,37.38000000000466,41.0220000000003
NewsSite-Nuxt,251.6800000000012,356.4400000000023,232.96000000000276,230.82000000000335,244.55999999999767,249.97999999999593,254.36000000000786,233.26000000000204,223.6800000000003,253.72000000000116,253.14600000000146
NewsSite-Nuxt/NavigateToUS,85.78000000000065,85.31999999999971,73.02000000000044,74.38000000000102,90.15999999999985,80.95999999999913,79.86000000000058,75.18000000000757,71.18000000000029,80.33999999999651,79.61800000000058
NewsSite-Nuxt/NavigateToUS/Sync,34.76000000000022,35.23999999999978,31.260000000002037,30.2400000000016,46.62000000000262,32.099999999998545,35.68000000000029,32.30000000000291,30.68000000000029,34.36000000000058,34.324000000000886
NewsSite-Nuxt/NavigateToUS/Async,51.02000000000044,50.07999999999993,41.7599999999984,44.13999999999942,43.539999999997235,48.86000000000058,44.18000000000029,42.88000000000466,40.5,45.979999999995925,45.293999999999684
NewsSite-Nuxt/NavigateToWorld,74.38000000000011,113.08000000000175,71.60000000000218,66.66000000000349,67.84000000000015,75.04000000000087,83.41999999999825,66.68000000000029,68.63999999999942,65.19999999999709,75.25400000000036
NewsSite-Nuxt/NavigateToWorld/Sync,30.039999999999964,59.460000000000946,30.520000000000437,29.62000000000262,30.11999999999898,36.720000000001164,39.599999999998545,29.260000000002037,30.080000000001746,28.15999999998894,34.357999999999535
NewsSite-Nuxt/NavigateToWorld/Async,44.340000000000146,53.6200000000008,41.080000000001746,37.04000000000087,37.720000000001164,38.31999999999971,43.81999999999971,37.419999999998254,38.55999999999767,37.04000000000815,40.896000000000825
NewsSite-Nuxt/NavigateToPolitics,91.52000000000044,158.04000000000087,88.34000000000015,89.77999999999884,86.55999999999767,93.97999999999593,91.08000000000902,91.39999999999418,83.86000000000058,108.18000000000757,98.27400000000053
NewsSite-Nuxt/NavigateToPolitics/Sync,31.420000000000073,77.1200000000008,30.38000000000102,34.11999999999898,32,35.26000000000204,35.30000000000291,31.69999999999709,30.31999999999971,45.18000000000757,38.28000000000102
NewsSite-Nuxt/NavigateToPolitics/Async,60.100000000000364,80.92000000000007,57.95999999999913,55.659999999999854,54.55999999999767,58.71999999999389,55.78000000000611,59.69999999999709,53.54000000000087,63,59.9939999999995
Editor-CodeMirror,51.73999999999978,61.79999999999745,45.80000000000291,54.62000000000262,49.38000000000466,54.17999999998574,54.94000000000233,49.0199999999968,47.23999999999069,46.020000000004075,51.4739999999987
Editor-CodeMirror/Long,28.280000000000655,28.299999999999272,24.580000000005384,30.659999999999854,27.24000000000524,28.07999999999447,26.68000000000029,26.19999999999709,25.5199999999968,24.980000000010477,27.05200000000095
Editor-CodeMirror/Long/Sync,16.600000000000364,17.73999999999978,16.260000000002037,18.68000000000029,17.81999999999971,17.39999999999418,17.959999999999127,16.69999999999709,16.339999999996508,16.40000000000873,17.18999999999978
Editor-CodeMirror/Long/Async,11.680000000000291,10.55999999999949,8.320000000003347,11.979999999999563,9.42000000000553,10.680000000000291,8.720000000001164,9.5,9.180000000000291,8.580000000001746,9.86200000000117
Editor-CodeMirror/Highlight,23.459999999999127,33.49999999999818,21.219999999997526,23.960000000002765,22.139999999999418,26.09999999999127,28.260000000002037,22.81999999999971,21.719999999993888,21.039999999993597,24.42199999999775
Editor-CodeMirror/Highlight/Sync,21.699999999999818,31.099999999998545,18.81999999999971,21.900000000001455,19.099999999998545,24.439999999995052,23.720000000001164,18.860000000000582,18.959999999999127,18.220000000001164,21.681999999999515
Editor-CodeMirror/Highlight/Async,1.7599999999993088,2.399999999999636,2.399999999997817,2.0600000000013097,3.040000000000873,1.6599999999962165,4.540000000000873,3.959999999999127,2.7599999999947613,2.819999999992433,2.7399999999982354
Editor-TipTap,168.2599999999993,154.45999999999913,144.7199999999939,153.79999999999927,145.25999999999476,147.86000000000058,155.09999999999854,165.91999999999098,145.8000000000029,144.86000000001513,152.60399999999944
Editor-TipTap/Long,85.63999999999942,83.11999999999898,78.0199999999968,82.13999999999942,78.79999999999563,80.70000000000437,83.24000000000524,95.95999999999185,76.04000000000087,77.66000000001804,82.13200000000106
Editor-TipTap/Long/Sync,83.71999999999935,78.84000000000015,75.77999999999884,75.97999999999956,76.5399999999936,76.13999999999942,81.16000000000349,92.09999999999854,74.04000000000087,75.40000000000873,78.97000000000025
Editor-TipTap/Long/Async,1.9200000000000728,4.279999999998836,2.2399999999979627,6.1599999999998545,2.2600000000020373,4.560000000004948,2.0800000000017462,3.859999999993306,2,2.2600000000093132,3.1620000000008077
Editor-TipTap/Highlight,82.61999999999989,71.34000000000015,66.69999999999709,71.65999999999985,66.45999999999913,67.15999999999622,71.8599999999933,69.95999999999913,69.76000000000204,67.19999999999709,70.47199999999839
Editor-TipTap/Highlight/Sync,81.42000000000007,69.22000000000116,65.61999999999898,69.54000000000087,65.40000000000146,65.97999999999593,70.63999999999942,67.63999999999942,68.08000000000175,66.02000000000407,68.95600000000032
Editor-TipTap/Highlight/Async,1.199999999999818,2.1199999999989814,1.0799999999981083,2.1199999999989814,1.0599999999976717,1.180000000000291,1.2199999999938882,2.319999999999709,1.680000000000291,1.179999999993015,1.5159999999980756
Charts-observable-plot,104.47999999999956,115.81999999999971,100.97999999999956,97.43999999999869,99.77999999999884,102.47999999998865,98.5,100.90000000000146,97.68000000001484,108.90000000000873,102.696000000001
Charts-observable-plot/Stacked by 6,42.599999999999454,49.31999999999971,39.16000000000349,37.02000000000044,38.33999999999651,38.5199999999968,38.9800000000032,35.86000000000058,35.640000000006694,40.4600000000064,39.590000000001325
Charts-observable-plot/Stacked by 6/Sync,30.699999999999818,38.81999999999971,32.080000000001746,29.340000000000146,31.5199999999968,31.05999999999767,31.340000000003783,28.540000000000873,28.700000000004366,31.279999999998836,31.338000000000374
Charts-observable-plot/Stacked by 6/Async,11.899999999999636,10.5,7.080000000001746,7.680000000000291,6.819999999999709,7.459999999999127,7.639999999999418,7.319999999999709,6.940000000002328,9.180000000007567,8.252000000000953
Charts-observable-plot/Stacked by 20,40.159999999999854,42.13999999999942,39.7599999999984,37.840000000000146,38.26000000000204,40.11999999999534,37.94000000000233,40.60000000000582,39.94000000000233,46.24000000000524,40.30000000000109
Charts-observable-plot/Stacked by 20/Sync,29.859999999999673,31.159999999999854,28.93999999999869,27.840000000000146,27.919999999998254,29.220000000001164,27.580000000001746,29.160000000003492,28.580000000001746,33.31999999999243,29.35799999999972
Charts-observable-plot/Stacked by 20/Async,10.300000000000182,10.979999999999563,10.819999999999709,10,10.340000000003783,10.89999999999418,10.360000000000582,11.440000000002328,11.360000000000582,12.920000000012806,10.942000000001372
Charts-observable-plot/Dotted,21.720000000000255,24.360000000000582,22.05999999999767,22.57999999999811,23.18000000000029,23.839999999996508,21.57999999999447,24.439999999995052,22.10000000000582,22.19999999999709,22.805999999998583
Charts-observable-plot/Dotted/Sync,13.420000000000073,14.579999999999927,12.860000000000582,13.680000000000291,13.180000000000291,12.080000000001746,12.739999999997963,13.959999999999127,13.660000000003492,12.160000000003492,13.2320000000007
Charts-observable-plot/Dotted/Async,8.300000000000182,9.780000000000655,9.19999999999709,8.899999999997817,10,11.759999999994761,8.839999999996508,10.479999999995925,8.440000000002328,10.039999999993597,9.573999999997886
Charts-chartjs,179.4200000000019,161.97999999999956,160.36000000000422,153.70000000000073,163.4600000000064,153.55999999999767,159.33999999998923,166.7199999999866,161.22000000000844,158.91999999999825,161.8679999999993
Charts-chartjs/Draw scatter,84.36000000000058,69.19999999999891,67.97999999999956,65.34000000000015,70.0199999999968,64.21999999999389,67.05999999999767,71.9800000000032,67.56000000000495,66.0399999999936,69.37599999999892
Charts-chartjs/Draw scatter/Sync,83.60000000000036,68.43999999999869,67.19999999999709,64.65999999999985,69.22000000000116,63.5199999999968,66.31999999999971,71.12000000000262,66.72000000000116,65.25999999999476,68.60599999999923
Charts-chartjs/Draw scatter/Async,0.7600000000002183,0.7600000000002183,0.7800000000024738,0.680000000000291,0.7999999999956344,0.6999999999970896,0.7399999999979627,0.8600000000005821,0.8400000000037835,0.7799999999988358,0.7699999999997089
Charts-chartjs/Show tooltip,47.840000000000146,43.30000000000109,43.42000000000189,42.340000000000146,42.080000000001746,42.95999999999913,44.45999999999913,45.379999999990105,46.42000000000553,44,44.21999999999989
Charts-chartjs/Show tooltip/Sync,0.27999999999974534,0.3000000000010914,0.22000000000116415,0.21999999999752617,0.2400000000052387,0.23999999999796273,0.22000000000116415,0.2599999999947613,0.2400000000052387,0.2400000000052387,0.24600000000091313
Charts-chartjs/Show tooltip/Async,47.5600000000004,43,43.20000000000073,42.12000000000262,41.83999999999651,42.720000000001164,44.23999999999796,45.11999999999534,46.18000000000029,43.75999999999476,43.97399999999898
Charts-chartjs/Draw opaque scatter,47.220000000001164,49.47999999999956,48.960000000002765,46.02000000000044,51.36000000000786,46.38000000000466,47.81999999999243,49.359999999993306,47.23999999999796,48.88000000000466,48.27200000000048
Charts-chartjs/Draw opaque scatter/Sync,46.52000000000044,48.73999999999978,48.26000000000204,45.36000000000058,50.700000000004366,45.720000000001164,47.07999999999447,48.479999999995925,46.55999999999767,47.84000000001106,47.52600000000075
Charts-chartjs/Draw opaque scatter/Async,0.7000000000007276,0.7399999999997817,0.7000000000007276,0.6599999999998545,0.6600000000034925,0.6600000000034925,0.7399999999979627,0.8799999999973807,0.680000000000291,1.0399999999935972,0.7459999999997308
React-Stockcharts-SVG,203.03999999999814,206.79999999999927,198.40000000000146,212.40000000000146,205.6200000000099,210.15999999999622,217.14000000001397,239.34000000000378,220.40000000000146,201.84000000001106,211.51400000000368
React-Stockcharts-SVG/Render,67.05999999999949,69.51999999999862,71.10000000000218,71.10000000000218,64.68000000000757,68.94000000000233,76,94.83999999999651,78.67999999999302,66.17999999999302,72.80999999999949
React-Stockcharts-SVG/Render/Sync,58.07999999999993,61.31999999999971,63.42000000000189,63.12000000000262,56.84000000000378,61.23999999999796,67.65999999999622,87.30000000000291,70.71999999999389,58.13999999999942,64.78399999999984
React-Stockcharts-SVG/Render/Async,8.979999999999563,8.199999999998909,7.680000000000291,7.979999999999563,7.8400000000037835,7.700000000004366,8.340000000003783,7.539999999993597,7.959999999999127,8.039999999993597,8.025999999999659
React-Stockcharts-SVG/PanTheChart,34.05999999999949,26.38000000000102,28.360000000000582,31.55999999999767,25.12000000000262,27.739999999997963,27.10000000000582,29.640000000006694,30.460000000006403,29.760000000009313,29.018000000002758
React-Stockcharts-SVG/PanTheChart/Sync,10.739999999999782,10.659999999999854,11.860000000000582,10.479999999999563,10.260000000002037,11.220000000001164,11.160000000003492,12.160000000003492,13.220000000001164,10.34000000001106,11.21000000000222
React-Stockcharts-SVG/PanTheChart/Async,23.31999999999971,15.720000000001164,16.5,21.07999999999811,14.860000000000582,16.5199999999968,15.940000000002328,17.4800000000032,17.24000000000524,19.419999999998254,17.80800000000054
React-Stockcharts-SVG/ZoomTheChart,101.91999999999916,110.89999999999964,98.93999999999869,109.7400000000016,115.81999999999971,113.47999999999593,114.04000000000815,114.86000000000058,111.26000000000204,105.90000000000873,109.68600000000143
React-Stockcharts-SVG/ZoomTheChart/Sync,99.23999999999978,108.15999999999985,96.34000000000015,107.02000000000044,102.37999999999738,99.22000000000116,101.12000000000262,100.69999999999709,98.22000000000116,102.82000000000698,101.52200000000066
React-Stockcharts-SVG/ZoomTheChart/Async,2.6799999999993815,2.7399999999997817,2.599999999998545,2.720000000001164,13.440000000002328,14.259999999994761,12.92000000000553,14.160000000003492,13.040000000000873,3.0800000000017462,8.16400000000076
Perf-Dashboard,253.71999999999935,247.5599999999995,214.27999999999884,231.41999999999825,225.36000000000058,218.5399999999936,238.41999999999098,238.70000000000437,231.42000000000553,221.7399999999907,232.11599999999817
Perf-Dashboard/Render,34.73999999999978,37.539999999999054,31.979999999999563,45.18000000000029,38.65999999999622,34.0399999999936,35.81999999999971,35.83999999999651,35.26000000000931,35.89999999999418,36.49599999999882
Perf-Dashboard/Render/Sync,29.11999999999989,31.73999999999978,27.279999999998836,40.04000000000087,33.279999999998836,28.799999999995634,30.4800000000032,29.219999999993888,29.80000000000291,30.379999999990105,31.013999999998397
Perf-Dashboard/Render/Async,5.619999999999891,5.799999999999272,4.700000000000728,5.139999999999418,5.379999999997381,5.239999999997963,5.3399999999965075,6.620000000002619,5.460000000006403,5.5200000000040745,5.482000000000426
Perf-Dashboard/SelectingPoints,132,108.42000000000007,102.26000000000204,104.19999999999709,105.9800000000032,106.70000000000437,125.04000000000087,125.28000000000611,112.61999999999534,108.24000000000524,113.07400000000143
Perf-Dashboard/SelectingPoints/Sync,127.19999999999982,106.92000000000007,100.95999999999913,102.34000000000015,104.5,105.22000000000116,105.94000000000233,123.80000000000291,111.09999999999854,106.48000000001048,109.44600000000146
Perf-Dashboard/SelectingPoints/Async,4.800000000000182,1.5,1.3000000000029104,1.859999999996944,1.4800000000032014,1.4800000000032014,19.099999999998545,1.4800000000032014,1.5199999999967986,1.7599999999947613,3.6279999999999744
Perf-Dashboard/SelectingRange,86.97999999999956,101.60000000000036,80.03999999999724,82.04000000000087,80.72000000000116,77.79999999999563,77.5599999999904,77.58000000000175,83.54000000000087,77.59999999999127,82.54599999999792
Perf-Dashboard/SelectingRange/Sync,74.68000000000029,77.28000000000065,76.5199999999968,80.79999999999927,79.16000000000349,76.5199999999968,76.29999999999563,76.22000000000116,82.12000000000262,75.65999999998894,77.52599999999856
Perf-Dashboard/SelectingRange/Async,12.299999999999272,24.31999999999971,3.5200000000004366,1.2400000000016007,1.5599999999976717,1.2799999999988358,1.2599999999947613,1.360000000000582,1.4199999999982538,1.9400000000023283,5.019999999999345
Geomean,121.06346768106492,119.11760467493396,109.92859122226332,111.48552198162474,109.27834203137257,108.85598669726814,119.65677681286307,111.84757082347235,112.25633211268656,112.70326827874634,113.6193462316296
Score,8.260130154494213,8.395064715488113,9.096814476391422,8.969774570054234,9.150944106682285,9.186449274315347,8.357236644974547,8.940739549706338,8.908183451033901,8.872857151992466,8.813819409513286